"1.3.0","1.3.0","BTS"
"1.3.100","1.3.100","GAS","bitGAS"
"1.3.101","1.3.101","DIESEL","bitDIESEL"
"1.3.102","1.3.102","KRW","bitKRW"
"1.3.103","1.3.103","BTC","bitBTC"
"1.3.104","1.3.104","OIL","bitOIL"
"1.3.105","1.3.105","SILVER","bitSILVER"
"1.3.106","1.3.106","GOLD","bitGOLD"
"1.3.107","1.3.107","TRY","bitTRY"
"1.3.108","1.3.108","SGD","bitSGD"
"1.3.109","1.3.109","HKD","bitHKD"
"1.3.110","1.3.110","RUB","bitRUB"
"1.3.111","1.3.111","SEK","bitSEK"
"1.3.112","1.3.112","NZD","bitNZD"
"1.3.113","1.3.113","CNY","bitCNY"
"1.3.114","1.3.114","MXN","bitMXN"
"1.3.115","1.3.115","CAD","bitCAD"
"1.3.116","1.3.116","CHF","bitCHF"
"1.3.117","1.3.117","AUD","bitAUD"
"1.3.118","1.3.118","GBP","bitGBP"
"1.3.119","1.3.119","JPY","bitJPY"
"1.3.120","1.3.120","EUR","bitEUR"
"1.3.121","1.3.121","USD","bitUSD"
"1.3.122","1.3.122","LAB"
"1.3.123","1.3.123","IFTN"
"1.3.124","1.3.124","LOVE"
"1.3.125","1.3.125","NOK"
"1.3.126","1.3.126","FREE"
"1.3.127","1.3.127","STAR"
"1.3.128","1.3.128","PAN"
"1.3.129","1.3.129","LTB"
"1.3.130","1.3.130","HLP"
"1.3.131","1.3.131","VND"
"1.3.132","1.3.132","VTC"
"1.3.133","1.3.133","AIR"
"1.3.134","1.3.134","GEM"
"1.3.135","1.3.135","POOL"
"1.3.136","1.3.136","ROSE"
"1.3.137","1.3.137","BST"
"1.3.138","1.3.138","FUND"
"1.3.139","1.3.139","JOY"
"1.3.140","1.3.140","YUN"
"1.3.141","1.3.141","NENMOBI"
"1.3.142","1.3.142","KOREAN"
"1.3.143","1.3.143","TICKET"
"1.3.144","1.3.144","OPENFUND"
"1.3.145","1.3.145","GOOGLE"
"1.3.146","1.3.146","CONCERT"
"1.3.147","1.3.147","FESTIVAL"
"1.3.148","1.3.148","BTBASSET"
"1.3.149","1.3.149","PEGCNY"
"1.3.150","1.3.150","PEGBTC"
"1.3.151","1.3.151","PEGUSD"
"1.3.152","1.3.152","PEGEUR"
"1.3.153","1.3.153","YUNCNY"
"1.3.154","1.3.154","YUNUSD"
"1.3.155","1.3.155","YUNBTC"
"1.3.156","1.3.156","YUNEUR"
"1.3.157","1.3.157","PAYALT"
"1.3.158","1.3.158","BIMINCN"
"1.3.159","1.3.159","BIMINCOM"
"1.3.160","1.3.160","CROWDFUN","bitCROWDFUN"
"1.3.161","1.3.161","TAOBAO"
"1.3.162","1.3.162","XIAOMI"
"1.3.163","1.3.163","KUANGJI"
"1.3.164","1.3.164","NIKOLAI"
"1.3.165","1.3.165","MICHIGAN"
"1.3.166","1.3.166","COINBASE"
"1.3.167","1.3.167","VIRGIN"
"1.3.168","1.3.168","ALIBABA"
"1.3.169","1.3.169","AMAZON"
"1.3.170","1.3.170","FACEBOOK"
"1.3.171","1.3.171","TENCENT"
"1.3.172","1.3.172","CAOLIU"
"1.3.173","1.3.173","YOUXIBI"
"1.3.174","1.3.174","YULEBI"
"1.3.175","1.3.175","RIPPLE"
"1.3.176","1.3.176","DACLOCK"
"1.3.177","1.3.177","ETHEREUM"
"1.3.178","1.3.178","BTSPLAY"
"1.3.179","1.3.179","ALIPAY"
"1.3.180","1.3.180","LENOVO"
"1.3.181","1.3.181","OKCOIN"
"1.3.182","1.3.182","ZHIFUBAO"
"1.3.183","1.3.183","WEIZHONG"
"1.3.184","1.3.184","LARIMER"
"1.3.185","1.3.185","PAYARCH"
"1.3.186","1.3.186","PAYPAL"
"1.3.187","1.3.187","BTSGPS"
"1.3.188","1.3.188","SILENCE"
"1.3.189","1.3.189","DANBAO"
"1.3.190","1.3.190","DISNEY"
"1.3.191","1.3.191","VCFUND"
"1.3.192","1.3.192","PEFUND"
"1.3.193","1.3.193","COINFUND"
"1.3.194","1.3.194","DACFUND"
"1.3.195","1.3.195","BANK"
"1.3.196","1.3.196","GALAXY"
"1.3.197","1.3.197","BTSSHARE"
"1.3.198","1.3.198","RENMINBI"
"1.3.199","1.3.199","BIFUBAO"
"1.3.200","1.3.200","WEIZHIFU"
"1.3.201","1.3.201","XFUCUN"
"1.3.202","1.3.202","BTSPAY"
"1.3.203","1.3.203","HIREME"
"1.3.204","1.3.204","CHINESE"
"1.3.205","1.3.205","DRAGON","bitDRAGON"
"1.3.206","1.3.206","SUANMING"
"1.3.207","1.3.207","ZHOUYI"
"1.3.208","1.3.208","EDUCOIN"
"1.3.209","1.3.209","ANDROID"
"1.3.210","1.3.210","CREDIT"
"1.3.211","1.3.211","STELLAR"
"1.3.212","1.3.212","LOTTERY"
"1.3.213","1.3.213","COMIXC"
"1.3.214","1.3.214","GIFTCNY"
"1.3.215","1.3.215","BTSHOME"
"1.3.216","1.3.216","WWWBTSHK"
"1.3.217","1.3.217","GITHUB"
"1.3.218","1.3.218","APPSTORE"
"1.3.219","1.3.219","PLAYBOY"
"1.3.220","1.3.220","CNYEAR"
"1.3.221","1.3.221","IFTHEN"
"1.3.222","1.3.222","CASINO"
"1.3.223","1.3.223","MESSAGE"
"1.3.224","1.3.224","FUTURE"
"1.3.225","1.3.225","CHANCE"
"1.3.226","1.3.226","MIDDLE"
"1.3.227","1.3.227","INSURE"
"1.3.228","1.3.228","ASSETS"
"1.3.229","1.3.229","XXXXXX"
"1.3.230","1.3.230","SUPERDAC"
"1.3.231","1.3.231","BAOBAO"
"1.3.232","1.3.232","PAOPAO"
"1.3.233","1.3.233","DOUDOU"
"1.3.234","1.3.234","CHAKRA"
"1.3.235","1.3.235","WILDPIG"
"1.3.236","1.3.236","CHAKRAS"
"1.3.237","1.3.237","REASON"
"1.3.238","1.3.238","THANKS"
"1.3.239","1.3.239","SWEETY"
"1.3.240","1.3.240","ALIHAHA"
"1.3.241","1.3.241","BTSBOTS"
"1.3.242","1.3.242","CHERRY"
"1.3.243","1.3.243","IOUBTC"
"1.3.244","1.3.244","SERVICE","bitSERVICE"
"1.3.245","1.3.245","PAYBTC"
"1.3.246","1.3.246","SMARTX"
"1.3.247","1.3.247","MARKET"
"1.3.248","1.3.248","IQCARD"
"1.3.249","1.3.249","JUNXIN"
"1.3.250","1.3.250","BTSAPP"
"1.3.251","1.3.251","BTSDAC"
"1.3.252","1.3.252","NLLSTRT"
"1.3.253","1.3.253","CYBERS"
"1.3.254","1.3.254","CSHARES"
"1.3.255","1.3.255","DELEGATE"
"1.3.256","1.3.256","ADIDAS"
"1.3.257","1.3.257","PLAYER"
"1.3.258","1.3.258","SHIDAIBI"
"1.3.259","1.3.259","BAINIAN"
"1.3.260","1.3.260","COUPON"
"1.3.261","1.3.261","REFUND"
"1.3.262","1.3.262","RETURN"
"1.3.263","1.3.263","DISCOUNT"
"1.3.264","1.3.264","REBATE"
"1.3.265","1.3.265","WALLET"
"1.3.266","1.3.266","FACELIKE"
"1.3.267","1.3.267","ALIMAMA"
"1.3.268","1.3.268","MINION"
"1.3.269","1.3.269","TENPAY"
"1.3.270","1.3.270","DIAMOND"
"1.3.271","1.3.271","STANFORD"
"1.3.272","1.3.272","EXCHANGE"
"1.3.273","1.3.273","GATEBTC"
"1.3.274","1.3.274","LUCKYGC"
"1.3.275","1.3.275","ONELIGHT"
"1.3.276","1.3.276","DOLLAR"
"1.3.277","1.3.277","THEORY"
"1.3.278","1.3.278","THEOREM"
"1.3.279","1.3.279","BTCSHA","bitBTCSHA"
"1.3.280","1.3.280","WATERS"
"1.3.281","1.3.281","ROUBLE"
"1.3.282","1.3.282","PTSORG"
"1.3.283","1.3.283","AGSORG"
"1.3.284","1.3.284","TALENT"
"1.3.285","1.3.285","GATEPTS"
"1.3.286","1.3.286","BTSAPAC"
"1.3.287","1.3.287","BTSAPC"
"1.3.288","1.3.288","ANTFUND"
"1.3.289","1.3.289","BOTFUND"
"1.3.290","1.3.290","BTSABC"
"1.3.291","1.3.291","GATEWAY"
"1.3.292","1.3.292","LEAGUE"
"1.3.293","1.3.293","NASDAQ"
"1.3.294","1.3.294","BTSFUND"
"1.3.295","1.3.295","TESTAAAA"
"1.3.296","1.3.296","GAMBLING"
"1.3.297","1.3.297","BETTING"
"1.3.298","1.3.298","INDEX"
"1.3.299","1.3.299","ZYGOTE"
"1.3.300","1.3.300","TOURCOIN"
"1.3.301","1.3.301","ASKIND"
"1.3.302","1.3.302","FESENKO"
"1.3.303","1.3.303","SRVFUND"
"1.3.304","1.3.304","LOVEJOY"
"1.3.305","1.3.305","BPROMO"
"1.3.306","1.3.306","KKKIILLL"
"1.3.307","1.3.307","ASDBTS"
"1.3.308","1.3.308","DAYDREAM"
"1.3.309","1.3.309","NEOSHARE"
"1.3.310","1.3.310","ONEGWAY"
"1.3.311","1.3.311","BTSIPO"
"1.3.312","1.3.312","DZLCOIN"
"1.3.313","1.3.313","TRADE"
"1.3.314","1.3.314","ROBOTS"
"1.3.315","1.3.315","BTSCNY"
"1.3.316","1.3.316","BTSUSD"
"1.3.317","1.3.317","FASTCASS"
"1.3.318","1.3.318","BURRITO"
"1.3.319","1.3.319","TEXMEX"
"1.3.320","1.3.320","ALTUSD"
"1.3.321","1.3.321","RNNBOTS"
"1.3.322","1.3.322","TCBRBOOK"
"1.3.323","1.3.323","CNFUND"
"1.3.324","1.3.324","CFSUSD"
"1.3.325","1.3.325","CFSGOLD"
"1.3.326","1.3.326","BTSXME"
"1.3.327","1.3.327","BUNKER"
"1.3.328","1.3.328","CANNABIS"
"1.3.329","1.3.329","DATASEC"
"1.3.330","1.3.330","TESTER"
"1.3.331","1.3.331","TESTER.BTC","TESTER BTC"
"1.3.332","1.3.332","TESTER.LTC","TESTER LTC"
"1.3.333","1.3.333","BSPTEST"
"1.3.334","1.3.334","CFSCOIN"
"1.3.335","1.3.335","LTCQASIC"
"1.3.336","1.3.336","GENTWO"
"1.3.337","1.3.337","CFSBTC"
"1.3.338","1.3.338","BOTSCNY"
"1.3.339","1.3.339","BOTSFUND"
"1.3.340","1.3.340","FAMILY"
"1.3.341","1.3.341","BTSBET"
"1.3.342","1.3.342","DELETIP"
"1.3.343","1.3.343","SHENTY"
"1.3.344","1.3.344","ASDQKK"
"1.3.345","1.3.345","ITDAWNS"
"1.3.346","1.3.346","GUPIAO"
"1.3.347","1.3.347","ABCFUND"
"1.3.348","1.3.348","AAAFUND"
"1.3.349","1.3.349","TRADE.LTC","TRADE LTC"
"1.3.350","1.3.350","TRADE.BTC","TRADE BTC"
"1.3.351","1.3.351","GATEKRW"
"1.3.352","1.3.352","GOOGBDR"
"1.3.353","1.3.353","AAPLBDR"
"1.3.354","1.3.354","TSLABDR"
"1.3.355","1.3.355","BIDUBDR"
"1.3.356","1.3.356","BRKABDR"
"1.3.357","1.3.357","BABABDR"
"1.3.358","1.3.358","COPPER"
"1.3.359","1.3.359","CFSUSDA"
"1.3.360","1.3.360","CLAYGATE"
"1.3.361","1.3.361","GRATIS"
"1.3.362","1.3.362","DOGECOIN"
"1.3.363","1.3.363","ENTRANCE"
"1.3.364","1.3.364","CHANGE"
"1.3.365","1.3.365","CNY.ENTRANCE","CNY ENTRANCE"
"1.3.366","1.3.366","CNY.EXCHANGE","CNY EXCHANGE"
"1.3.367","1.3.367","BOTSHARE"
"1.3.368","1.3.368","BTS.SHARE","BTS SHARE"
"1.3.369","1.3.369","BTSBOTS.EXCH","BTSBOTS EXCH"
"1.3.370","1.3.370","VEGAFUND"
"1.3.371","1.3.371","YYFUND"
"1.3.372","1.3.372","TESTBDR"
"1.3.373","1.3.373","TESTBDR.BDR","TESTBDR BDR"
"1.3.374","1.3.374","BDR"
"1.3.375","1.3.375","BDR.BABA","BDR BABA"
"1.3.376","1.3.376","BDR.BRKA","BDR BRKA"
"1.3.377","1.3.377","BDR.AAPL","BDR AAPL"
"1.3.378","1.3.378","BDR.GOOG","BDR GOOG"
"1.3.379","1.3.379","BDR.TSLA","BDR TSLA"
"1.3.380","1.3.380","POINTS"
"1.3.381","1.3.381","CREDITS"
"1.3.382","1.3.382","BDR.SPY","BDR SPY"
"1.3.383","1.3.383","BDR.BIDU","BDR BIDU"
"1.3.384","1.3.384","BDR.CNY","BDR CNY"
"1.3.385","1.3.385","BDR.FB","BDR FB"
"1.3.386","1.3.386","BDR.USD","BDR USD"
"1.3.387","1.3.387","BDR.EUR","BDR EUR"
"1.3.388","1.3.388","ACTUAL"
"1.3.389","1.3.389","AAAAAA"
"1.3.390","1.3.390","FUTURES"
"1.3.391","1.3.391","OPTION"
"1.3.392","1.3.392","TESTME","bitTESTME"
"1.3.393","1.3.393","TESTME.TEST","TESTME TEST"
"1.3.394","1.3.394","GECOIN"
"1.3.395","1.3.395","BOLEFUND"
"1.3.396","1.3.396","ALIYUN"
"1.3.397","1.3.397","ALTFUND"
"1.3.398","1.3.398","BOTWAVE"
"1.3.399","1.3.399","DOTYUN"
"1.3.400","1.3.400","RENZAN"
"1.3.401","1.3.401","BOTBUX"
"1.3.402","1.3.402","GUQUAN"
"1.3.403","1.3.403","BTSRMB"
"1.3.404","1.3.404","BOTUSD"
"1.3.405","1.3.405","BOTRMB"
"1.3.406","1.3.406","DOTUSD"
"1.3.407","1.3.407","DOTRMB"
"1.3.408","1.3.408","SPKOBTC"
"1.3.409","1.3.409","SPKOCNY"
"1.3.410","1.3.410","BUYSELL"
"1.3.411","1.3.411","TWEETS"
"1.3.412","1.3.412","GAMECOIN"
"1.3.413","1.3.413","PHPESO"
"1.3.414","1.3.414","ACCESS"
"1.3.415","1.3.415","DIVIDEND"
"1.3.416","1.3.416","ABCDEF"
"1.3.417","1.3.417","FFFARM"
"1.3.418","1.3.418","NEWBIE"
"1.3.419","1.3.419","MORLETF"
"1.3.420","1.3.420","SHMITS"
"1.3.421","1.3.421","EDUCATE"
"1.3.422","1.3.422","AWCOIN"
"1.3.423","1.3.423","SYCOIN"
"1.3.424","1.3.424","TESTNOTE"
"1.3.425","1.3.425","BTSKRW"
"1.3.426","1.3.426","CNSTAR"
"1.3.427","1.3.427","BANCOR","bitBANCOR"
"1.3.428","1.3.428","BTSBOTS.PLS","BTSBOTS PLS"
"1.3.429","1.3.429","BDR.DIA","BDR DIA"
"1.3.430","1.3.430","MOONTEST"
"1.3.431","1.3.431","TRANSWSR"
"1.3.432","1.3.432","MOONFUND"
"1.3.433","1.3.433","REWARDS"
"1.3.434","1.3.434","FLYMILES"
"1.3.435","1.3.435","BDR.EWH","BDR EWH"
"1.3.436","1.3.436","REWARD"
"1.3.437","1.3.437","REWARD.PTS","REWARD PTS"
"1.3.438","1.3.438","UIATEST"
"1.3.439","1.3.439","UIATESTA"
"1.3.440","1.3.440","THEMERC"
"1.3.441","1.3.441","THEMERC.CORN","THEMERC CORN"
"1.3.442","1.3.442","TOTOCOIN"
"1.3.443","1.3.443","UNIONS"
"1.3.444","1.3.444","BDR.SBUX","BDR SBUX"
"1.3.445","1.3.445","SATANIC"
"1.3.446","1.3.446","GIGGLS"
"1.3.447","1.3.447","WGFTEST"
"1.3.448","1.3.448","QQCOIN"
"1.3.449","1.3.449","BTCFUND"
"1.3.450","1.3.450","EXPRESS"
"1.3.451","1.3.451","SIMCOIN"
"1.3.452","1.3.452","FREEBTS"
"1.3.453","1.3.453","STOCKS"
"1.3.454","1.3.454","TINKER"
"1.3.455","1.3.455","BTSTABLE"
"1.3.456","1.3.456","BTSTABLE.COM","BTSTABLE COM"
"1.3.457","1.3.457","TINKER.TK","TINKER TK"
"1.3.458","1.3.458","BTSNBA"
"1.3.459","1.3.459","CHINAJD"
"1.3.460","1.3.460","CARBON"
"1.3.461","1.3.461","SHARES"
"1.3.462","1.3.462","EASYCARD"
"1.3.463","1.3.463","BREAKOUT"
"1.3.464","1.3.464","BREAKOUT.BOT","BREAKOUT BOT"
"1.3.465","1.3.465","BTSGAME"
"1.3.466","1.3.466","BTSGAME.CNY","BTSGAME CNY"
"1.3.467","1.3.467","BTSGAME.USD","BTSGAME USD"
"1.3.468","1.3.468","BDR.ASHR","BDR ASHR"
"1.3.469","1.3.469","BDR.VIPS","BDR VIPS"
"1.3.470","1.3.470","LOYALTY"
"1.3.471","1.3.471","METAFUND"
"1.3.472","1.3.472","METAFEES"
"1.3.473","1.3.473","NASDAQC","bitNASDAQC"
"1.3.474","1.3.474","HANGSENG","bitHANGSENG"
"1.3.475","1.3.475","NIKKEI","bitNIKKEI"
"1.3.476","1.3.476","BTSYUAN"
"1.3.477","1.3.477","HACKING"
"1.3.478","1.3.478","BTSGAME.BTS","BTSGAME BTS"
"1.3.479","1.3.479","MINING"
"1.3.480","1.3.480","CANADA"
"1.3.481","1.3.481","BDR.TCEHY","BDR TCEHY"
"1.3.482","1.3.482","BDR.CTRP","BDR CTRP"
"1.3.483","1.3.483","BDR.YY","BDR YY"
"1.3.484","1.3.484","NETHER"
"1.3.485","1.3.485","CREEPS"
"1.3.486","1.3.486","NEWTREE"
"1.3.487","1.3.487","BREAKOUT.FND","BREAKOUT FND"
"1.3.488","1.3.488","BREAKOUT.AAA","BREAKOUT AAA"
"1.3.489","1.3.489","BREAKOUT.USD","BREAKOUT USD"
"1.3.490","1.3.490","BREAKOUT.VIP","BREAKOUT VIP"
"1.3.491","1.3.491","BREAKOUT.GLD","BREAKOUT GLD"
"1.3.492","1.3.492","BREAKOUT.SLV","BREAKOUT SLV"
"1.3.493","1.3.493","BREAKOUT.BTS","BREAKOUT BTS"
"1.3.494","1.3.494","CRYPTO"
"1.3.495","1.3.495","FRANKO"
"1.3.496","1.3.496","TWPCARD"
"1.3.497","1.3.497","CATCOIN"
"1.3.498","1.3.498","IOTFUND"
"1.3.499","1.3.499","WISKRIO"
"1.3.500","1.3.500","WISKER"
"1.3.501","1.3.501","WISKRS"
"1.3.502","1.3.502","WISKERS"
"1.3.503","1.3.503","COMPUTE"
"1.3.504","1.3.504","STORAGE"
"1.3.505","1.3.505","CONTRACT"
"1.3.506","1.3.506","WISKRDEV"
"1.3.507","1.3.507","WISKRFND"
"1.3.508","1.3.508","BDR.IBB","BDR IBB"
"1.3.509","1.3.509","BTSBOTS.V1","BTSBOTS V1"
"1.3.510","1.3.510","BTSBOTS.S1","BTSBOTS S1"
"1.3.511","1.3.511","BTSBOTS.FUND","BTSBOTS FUND"
"1.3.512","1.3.512","FOXBOT"
"1.3.513","1.3.513","FOXBIT"
"1.3.514","1.3.514","BOTBIT"
"1.3.515","1.3.515","FOXUSD"
"1.3.516","1.3.516","BDR.MSFT","BDR MSFT"
"1.3.517","1.3.517","BDR.BLK","BDR BLK"
"1.3.518","1.3.518","BDR.TWX","BDR TWX"
"1.3.519","1.3.519","VALDON"
"1.3.520","1.3.520","BDR.VIRT","BDR VIRT"
"1.3.521","1.3.521","BDR.QQQ","BDR QQQ"
"1.3.522","1.3.522","BDR.BRKB","BDR BRKB"
"1.3.523","1.3.523","SHENZHEN","bitSHENZHEN"
"1.3.524","1.3.524","SHANGHAI","bitSHANGHAI"
"1.3.525","1.3.525","BDR.JD","BDR JD"
"1.3.526","1.3.526","BDR.GPS","BDR GPS"
"1.3.527","1.3.527","BDR.VISA","BDR VISA"
"1.3.528","1.3.528","BTSFAIR"
"1.3.529","1.3.529","BDR.NFLX","BDR NFLX"
"1.3.530","1.3.530","FRUITS"
"1.3.531","1.3.531","BDR.QIHU","BDR QIHU"
"1.3.532","1.3.532","BDR.AMZN","BDR AMZN"
"1.3.533","1.3.533","BDR.DIS","BDR DIS"
"1.3.534","1.3.534","BROWNIE"
"1.3.535","1.3.535","BROWNIE.PTS","BROWNIE PTS"
"1.3.536","1.3.536","TLCCOIN"
"1.3.537","1.3.537","DRAGONS"
"1.3.538","1.3.538","TRANFUND"
"1.3.539","1.3.539","MKRCOIN"
"1.3.540","1.3.540","BTGOLD"
"1.3.541","1.3.541","AIWCNY"
"1.3.542","1.3.542","BTSPOS"
"1.3.543","1.3.543","BTSATM"
"1.3.544","1.3.544","CHATEAUX"
"1.3.545","1.3.545","PVZERO"
"1.3.546","1.3.546","SATOPX"
"1.3.547","1.3.547","SHEKEL"
"1.3.548","1.3.548","DACPLS"
"1.3.549","1.3.549","SHIRTS"
"1.3.550","1.3.550","ORGASM"
"1.3.551","1.3.551","NNTEST"
"1.3.552","1.3.552","TIPSHARES"
"1.3.553","1.3.553","VOTE"
"1.3.554","1.3.554","ELECTROTAXI"
"1.3.555","1.3.555","HRYVNA"
"1.3.556","1.3.556","BOND.CNY","BOND CNY"
"1.3.557","1.3.557","QWERTY"
"1.3.558","1.3.558","UBICOIN"
"1.3.559","1.3.559","OVERSTOCK"
"1.3.560","1.3.560","DORIAN"
"1.3.561","1.3.561","OPEN"
"1.3.562","1.3.562","OBITS"
"1.3.563","1.3.563","CCEDK"
"1.3.564","1.3.564","APPLE"
"1.3.565","1.3.565","MONEY"
"1.3.566","1.3.566","OCASH"
"1.3.567","1.3.567","NUBITS"
"1.3.568","1.3.568","OPENLEDGER"
"1.3.569","1.3.569","OPENBTC"
"1.3.570","1.3.570","BLOCKSHARES"
"1.3.571","1.3.571","AUGUR"
"1.3.572","1.3.572","MONERO"
"1.3.573","1.3.573","TETHER"
"1.3.574","1.3.574","DNOTES"
"1.3.575","1.3.575","SIACOIN"
"1.3.576","1.3.576","OPENUSD"
"1.3.577","1.3.577","OPENLTC"
"1.3.578","1.3.578","OPENDOGE"
"1.3.579","1.3.579","OPENDASH"
"1.3.580","1.3.580","OPENPPC"
"1.3.581","1.3.581","FELLAS"
"1.3.582","1.3.582","DECENT"
"1.3.583","1.3.583","MOVIE"
"1.3.584","1.3.584","DAWISP"
"1.3.585","1.3.585","QBITS"
"1.3.586","1.3.586","METAEX"
"1.3.587","1.3.587","FRESH"
"1.3.588","1.3.588","TRADE.DASH","TRADE DASH"
"1.3.589","1.3.589","CLAYGATE.KRW","CLAYGATE KRW"
"1.3.590","1.3.590","OPENMUSE"
"1.3.591","1.3.591","ETIFUND"
"1.3.592","1.3.592","METAEX.BTC","METAEX BTC"
"1.3.593","1.3.593","METAEX.ETH","METAEX ETH"
"1.3.594","1.3.594","METAEX.NXT","METAEX NXT"
"1.3.595","1.3.595","SHMACK"
"1.3.596","1.3.596","FREEBIECOIN"
"1.3.597","1.3.597","FREEBIE"
"1.3.598","1.3.598","SPORTS"
"1.3.599","1.3.599","TRADE.MUSE","TRADE MUSE"
"1.3.600","1.3.600","LINKEDIN"
"1.3.601","1.3.601","REPUBLICAN"
"1.3.602","1.3.602","DEMOCRATIC"
"1.3.603","1.3.603","CRYPT"
"1.3.604","1.3.604","SHARE"
"1.3.605","1.3.605","SHAREBITS"
"1.3.606","1.3.606","IOU"
"1.3.607","1.3.607","PERKS"
"1.3.608","1.3.608","PENCIL"
"1.3.609","1.3.609","IOU.CNY","IOU CNY"
"1.3.610","1.3.610","FMUSD"
"1.3.611","1.3.611","GNOTES"
"1.3.612","1.3.612","GBANK"
"1.3.613","1.3.613","LLCOIN"
"1.3.614","1.3.614","GSTAMP"
"1.3.615","1.3.615","KNECON"
"1.3.616","1.3.616","GREENPOINT"
"1.3.617","1.3.617","SMART"
"1.3.618","1.3.618","MIGROS"
"1.3.619","1.3.619","USDTR"
"1.3.620","1.3.620","SECOND"
"1.3.621","1.3.621","MINUTE"
"1.3.622","1.3.622","HOURS"
"1.3.623","1.3.623","WORKDAY"
"1.3.624","1.3.624","MONTH"
"1.3.625","1.3.625","BREAKOUT.BTC","BREAKOUT BTC"
"1.3.626","1.3.626","SANDWICH"
"1.3.627","1.3.627","REPUBLIC"
"1.3.628","1.3.628","BRICS"
"1.3.629","1.3.629","IOU.ABC","IOU ABC"
"1.3.630","1.3.630","IOU.BTSABC","IOU BTSABC"
"1.3.631","1.3.631","MEGABYTE"
"1.3.632","1.3.632","GIGABYTE"
"1.3.633","1.3.633","TERABYTE"
"1.3.634","1.3.634","PETABYTE"
"1.3.635","1.3.635","EXABYTE"
"1.3.636","1.3.636","FLATEARTH"
"1.3.637","1.3.637","PLATINUM"
"1.3.638","1.3.638","LITECOIN"
"1.3.639","1.3.639","BTSFCX"
"1.3.640","1.3.640","MONEYCLUB"
"1.3.641","1.3.641","COFFEE"
"1.3.642","1.3.642","IOU.PLS","IOU PLS"
"1.3.643","1.3.643","KILOWATT"
"1.3.644","1.3.644","MEGAWATT"
"1.3.645","1.3.645","WIKIPEDIA"
"1.3.646","1.3.646","LINUX"
"1.3.647","1.3.647","UBUNTU"
"1.3.648","1.3.648","SAMSUNG"
"1.3.649","1.3.649","TOSHIBA"
"1.3.650","1.3.650","HITACHI"
"1.3.651","1.3.651","SIEMENS"
"1.3.652","1.3.652","EXXON"
"1.3.653","1.3.653","CHEVRON"
"1.3.654","1.3.654","GAZPROM"
"1.3.655","1.3.655","SINOPEC"
"1.3.656","1.3.656","PETROCHINA"
"1.3.657","1.3.657","OPENBANK"
"1.3.658","1.3.658","FISTBUMP"
"1.3.659","1.3.659","OPENSESAME"
"1.3.660","1.3.660","HIGHFIVE"
"1.3.661","1.3.661","GOLDBITS"
"1.3.662","1.3.662","OPENNBT"
"1.3.663","1.3.663","OPENNSR"
"1.3.664","1.3.664","TRADE.NBT","TRADE NBT"
"1.3.665","1.3.665","TRADE.NSR","TRADE NSR"
"1.3.666","1.3.666","GREATIDEA"
"1.3.667","1.3.667","SSTYR"
"1.3.668","1.3.668","GIFTCASH"
"1.3.669","1.3.669","PROFIT"
"1.3.670","1.3.670","MEGUSTA"
"1.3.671","1.3.671","BEYONDBITCOIN"
"1.3.672","1.3.672","BROFIST"
"1.3.673","1.3.673","THANKYOU"
"1.3.674","1.3.674","JEAGER"
"1.3.675","1.3.675","CURRENCYOFLIGHT"
"1.3.676","1.3.676","TRUST"
"1.3.677","1.3.677","CONFIDENCE"
"1.3.678","1.3.678","KUDOS"
"1.3.679","1.3.679","BLOCK"
"1.3.680","1.3.680","PERCENT"
"1.3.681","1.3.681","TOKENS"
"1.3.682","1.3.682","KBYTE"
"1.3.683","1.3.683","PEPSI"
"1.3.684","1.3.684","NEURATEST"
"1.3.685","1.3.685","BEARHUG"
"1.3.686","1.3.686","THUMBSUP"
"1.3.687","1.3.687","THUMBSDOWN"
"1.3.688","1.3.688","SMILE"
"1.3.689","1.3.689","WEALTH"
"1.3.690","1.3.690","AWESOME"
"1.3.691","1.3.691","CHEERS"
"1.3.692","1.3.692","THUGLIFE"
"1.3.693","1.3.693","AMAZING"
"1.3.694","1.3.694","FUNNY"
"1.3.695","1.3.695","HONOR"
"1.3.696","1.3.696","TOKEN"
"1.3.697","1.3.697","TOKENEX"
"1.3.698","1.3.698","LAUGH"
"1.3.699","1.3.699","LIKE"
"1.3.700","1.3.700","DISLIKE"
"1.3.701","1.3.701","HAPPY"
"1.3.702","1.3.702","MERRY"
"1.3.703","1.3.703","PIZZA"
"1.3.704","1.3.704","CANDY"
"1.3.705","1.3.705","WARNING"
"1.3.706","1.3.706","FLOWER"
"1.3.707","1.3.707","POPCORN"
"1.3.708","1.3.708","TWEET"
"1.3.709","1.3.709","FELIZ"
"1.3.710","1.3.710","KISS"
"1.3.711","1.3.711","KISSES"
"1.3.712","1.3.712","LIKES"
"1.3.713","1.3.713","MEDAL"
"1.3.714","1.3.714","BASTIAT"
"1.3.715","1.3.715","CREDO"
"1.3.716","1.3.716","CARAT"
"1.3.717","1.3.717","ELECTRUM"
"1.3.718","1.3.718","LYDIA"
"1.3.719","1.3.719","PUSSY"
"1.3.720","1.3.720","BARRAS"
"1.3.721","1.3.721","DOLLARS"
"1.3.722","1.3.722","EUROS"
"1.3.723","1.3.723","POUNDS"
"1.3.724","1.3.724","YUAN"
"1.3.725","1.3.725","YUANS"
"1.3.726","1.3.726","XBITCOIN"
"1.3.727","1.3.727","CLOUD"
"1.3.728","1.3.728","WORLD"
"1.3.729","1.3.729","SCOTCOIN"
"1.3.730","1.3.730","PETROBRAS"
"1.3.731","1.3.731","MAKER"
"1.3.732","1.3.732","ORBIT"
"1.3.733","1.3.733","STOCK"
"1.3.734","1.3.734","TCNY"
"1.3.735","1.3.735","BONDS"
"1.3.736","1.3.736","GIFTS"
"1.3.737","1.3.737","GIFTS.BITCASH","GIFTS BITCASH"
"1.3.738","1.3.738","MARKETING"
"1.3.739","1.3.739","MARKETING.CAT","MARKETING CAT"
"1.3.740","1.3.740","MARKETINGCAT"
"1.3.741","1.3.741","GIFTS.BCSHAREPTS","GIFTS BCSHAREPTS"
"1.3.742","1.3.742","CRAPCOIN"
"1.3.743","1.3.743","STEALTH"
"1.3.744","1.3.744","SPERM"
"1.3.745","1.3.745","BLOCKCHAINFUND"
"1.3.746","1.3.746","ANTSHARE"
"1.3.747","1.3.747","BOSEG"
"1.3.748","1.3.748","DAOWISP"
"1.3.749","1.3.749","QUANT"
"1.3.750","1.3.750","CONNECT"
"1.3.751","1.3.751","IOU.ANS","IOU ANS"
"1.3.752","1.3.752","NOBELPRIZE"
"1.3.753","1.3.753","OSCAR"
"1.3.754","1.3.754","SWIFT"
"1.3.755","1.3.755","FUJITSU"
"1.3.756","1.3.756","MITSUBISHI"
"1.3.757","1.3.757","OPEN.USD","OPEN USD"
"1.3.758","1.3.758","GAMEBET"
"1.3.759","1.3.759","SILVERBARS"
"1.3.760","1.3.760","GOLDBARS"
"1.3.761","1.3.761","GOLDBULLION"
"1.3.762","1.3.762","SILVERBULLION"
"1.3.763","1.3.763","AEXINDEX"
"1.3.764","1.3.764","DOWJONES"
"1.3.765","1.3.765","GOLDEN"
"1.3.766","1.3.766","OPEN.EUR","OPEN EUR"
"1.3.767","1.3.767","OPEN.CNY","OPEN CNY"
"1.3.768","1.3.768","BEATS"
"1.3.769","1.3.769","BOSCH"
"1.3.770","1.3.770","FALLOUT"
"1.3.771","1.3.771","BOTTLECAPS"
"1.3.772","1.3.772","LYKKE"
"1.3.773","1.3.773","CALORIE"
"1.3.774","1.3.774","MUXER"
"1.3.775","1.3.775","HIGUERON"
"1.3.776","1.3.776","OPENPOS"
"1.3.777","1.3.777","MERRY.CHRISTMAS","MERRY CHRISTMAS"
"1.3.778","1.3.778","LOTOS"
"1.3.779","1.3.779","OPENGOV"
"1.3.780","1.3.780","TUSD"
"1.3.781","1.3.781","ABTSLA"
"1.3.782","1.3.782","TOUCHE"
"1.3.783","1.3.783","IMFSDR"
"1.3.784","1.3.784","OPENBITS"
"1.3.785","1.3.785","OPENBITZ"
"1.3.786","1.3.786","SUPER"
"1.3.787","1.3.787","BASKET"
"1.3.788","1.3.788","MERIT"
"1.3.789","1.3.789","TRADE.PPC","TRADE PPC"
"1.3.790","1.3.790","TRADE.DOGE","TRADE DOGE"
"1.3.791","1.3.791","SNICKERS"
"1.3.792","1.3.792","KJOULE"
"1.3.793","1.3.793","KCALS"
"1.3.794","1.3.794","PAYBACK"
"1.3.795","1.3.795","IOU.LBA","IOU LBA"
"1.3.796","1.3.796","REPGENSIXTEEN"
"1.3.797","1.3.797","FREEPUSSY"
"1.3.798","1.3.798","GOLDENTICKET"
"1.3.799","1.3.799","SILVERTICKET"
"1.3.800","1.3.800","COPPERTICKET"
"1.3.801","1.3.801","BTCPREDICT"
"1.3.802","1.3.802","PEWPS"
"1.3.803","1.3.803","DISRUPTDAILY"
"1.3.804","1.3.804","SPORTS.SBLAFC","SPORTS SBLAFC"
"1.3.805","1.3.805","EGOLD"
"1.3.806","1.3.806","GRAND"
"1.3.807","1.3.807","WOODENNICKEL"
"1.3.808","1.3.808","BGIBTS"
"1.3.809","1.3.809","MILLION"
"1.3.810","1.3.810","BILLION"
"1.3.811","1.3.811","HUNDRED"
"1.3.812","1.3.812","THOUSAND"
"1.3.813","1.3.813","TRILLION"
"1.3.814","1.3.814","OPEN.EMC","OPEN EMC"
"1.3.815","1.3.815","OPEN.EGD","OPEN EGD"
"1.3.816","1.3.816","TRYBITSHARES"
"1.3.817","1.3.817","KARMA"
"1.3.818","1.3.818","FREEROSS"
"1.3.819","1.3.819","NEWTESTAMENT"
"1.3.820","1.3.820","SPORTS.NFLAFC","SPORTS NFLAFC"
"1.3.821","1.3.821","SPORTS.NFLNFC","SPORTS NFLNFC"
"1.3.822","1.3.822","COMPUCEEDS"
"1.3.823","1.3.823","CONNECT.BTC","CONNECT BTC"
"1.3.824","1.3.824","CLOUT"
"1.3.825","1.3.825","IOU.LUCKY","IOU LUCKY"
"1.3.826","1.3.826","OPENBKS"
"1.3.827","1.3.827","SOLCERT"
"1.3.828","1.3.828","OPEN.BKS","OPEN BKS"
"1.3.829","1.3.829","SUGAR"
"1.3.830","1.3.830","REPNOMTRUMP"
"1.3.831","1.3.831","DEMNOMCLINTON"
"1.3.832","1.3.832","BTCOIN"
"1.3.833","1.3.833","WTICRUDE"
"1.3.834","1.3.834","SPFIVE"
"1.3.835","1.3.835","SWALLOW"
"1.3.836","1.3.836","ZOOKEN"
"1.3.837","1.3.837","SMART.MUSE","SMART MUSE"
"1.3.838","1.3.838","BTSPREDICT"
"1.3.839","1.3.839","SHAREBIT"
"1.3.840","1.3.840","TOYENPENGER"
"1.3.841","1.3.841","LOCALASSET"
"1.3.842","1.3.842","EDEV"
"1.3.843","1.3.843","FEDEV"
"1.3.844","1.3.844","LITRE"
"1.3.845","1.3.845","GALLON"
"1.3.846","1.3.846","TONNE"
"1.3.847","1.3.847","ENDWAR"
"1.3.848","1.3.848","CONNECT.USD","CONNECT USD"
"1.3.849","1.3.849","BTSR"
"1.3.850","1.3.850","OPEN.ETH","OPEN ETH"
"1.3.851","1.3.851","IOU.RMB","IOU RMB"
"1.3.852","1.3.852","IOU.BO","IOU BO"
"1.3.853","1.3.853","IOU.BOO","IOU BOO"
"1.3.854","1.3.854","OPEN.MUSE","OPEN MUSE"
"1.3.855","1.3.855","OPEN.NBT","OPEN NBT"
"1.3.856","1.3.856","OPEN.NSR","OPEN NSR"
"1.3.857","1.3.857","OPEN.PPC","OPEN PPC"
"1.3.858","1.3.858","OPEN.DASH","OPEN DASH"
"1.3.859","1.3.859","OPEN.LTC","OPEN LTC"
"1.3.860","1.3.860","OPEN.DOGE","OPEN DOGE"
"1.3.861","1.3.861","OPEN.BTC","OPEN BTC"
"1.3.862","1.3.862","EFTPOS"
"1.3.863","1.3.863","BARTER"
"1.3.864","1.3.864","BARTERCARD"
"1.3.865","1.3.865","ZARBTS"
"1.3.866","1.3.866","KRUGERRAND"
"1.3.867","1.3.867","BOTFUND.BTCE","BOTFUND BTCE"
"1.3.868","1.3.868","BOTFUND.USD","BOTFUND USD"
"1.3.869","1.3.869","DARKCURRENCY"
"1.3.870","1.3.870","IOU.MUSE","IOU MUSE"
"1.3.871","1.3.871","NGNCN"
"1.3.872","1.3.872","KOKADUKATS"
"1.3.873","1.3.873","MAIDSAFECOIN"
"1.3.874","1.3.874","MAIDSAFE"
"1.3.875","1.3.875","PEERCOIN"
"1.3.876","1.3.876","EMERCOIN"
"1.3.877","1.3.877","FACTOM"
"1.3.878","1.3.878","NUSHARES"
"1.3.879","1.3.879","DECRED"
"1.3.880","1.3.880","STARTCOIN"
"1.3.881","1.3.881","GETGEMS"
"1.3.882","1.3.882","COUNTERPARTY"
"1.3.883","1.3.883","NAMECOIN"
"1.3.884","1.3.884","STORJ"
"1.3.885","1.3.885","SYSCOIN"
"1.3.886","1.3.886","RADIUM"
"1.3.887","1.3.887","ENERGY"
"1.3.888","1.3.888","BANX"
"1.3.889","1.3.889","STEEM"
"1.3.890","1.3.890","ETHER"
"1.3.891","1.3.891","YBCOIN"
"1.3.892","1.3.892","XBTC"
"1.3.893","1.3.893","VPNCOIN"
"1.3.894","1.3.894","DCCCDAC"
"1.3.895","1.3.895","VOXEL"
"1.3.896","1.3.896","NXTCOIN"
"1.3.897","1.3.897","BTCPLUS"
"1.3.898","1.3.898","AUKSINAS"
"1.3.899","1.3.899","ENTREPRENEUR"
"1.3.900","1.3.900","RACINGPIGEON"
"1.3.901","1.3.901","TERRA"
"1.3.902","1.3.902","STEEM.DOLLAR","STEEM DOLLAR"
"1.3.903","1.3.903","SCISHARES"
"1.3.904","1.3.904","STAMP"
"1.3.905","1.3.905","COIN"
"1.3.906","1.3.906","CHINA"
"1.3.907","1.3.907","WECHAT"
"1.3.908","1.3.908","WECHAT.PHUKET","WECHAT PHUKET"
"1.3.909","1.3.909","METAL"
"1.3.910","1.3.910","AGORAS"
"1.3.911","1.3.911","MINUTES"
"1.3.912","1.3.912","VOICE"
"1.3.913","1.3.913","TIMEKOIN"
"1.3.914","1.3.914","PEOPLE"
"1.3.915","1.3.915","BLACKGOLD"
"1.3.916","1.3.916","SQUARE"
"1.3.917","1.3.917","METER"
"1.3.918","1.3.918","METRE"
"1.3.919","1.3.919","CASH"
"1.3.920","1.3.920","MILES"
"1.3.921","1.3.921","CASH.USD","CASH USD"
"1.3.922","1.3.922","GOLDPIECE"
"1.3.923","1.3.923","POWERUP"
"1.3.924","1.3.924","PEERPLAYS"
"1.3.925","1.3.925","SIDECHAIN"
"1.3.926","1.3.926","DASH"
"1.3.927","1.3.927","BOLIVAR"
"1.3.928","1.3.928","CROWD"
"1.3.929","1.3.929","START"
"1.3.930","1.3.930","MUSIC"
"1.3.931","1.3.931","SUCCESS"
"1.3.932","1.3.932","OILRESERVES"
"1.3.933","1.3.933","MKR"
"1.3.934","1.3.934","DAI"
"1.3.935","1.3.935","FINANCIALRESPONS"
"1.3.936","1.3.936","COINDAYS"
"1.3.937","1.3.937","COINSECONDS"
"1.3.938","1.3.938","REPUTATION"
"1.3.939","1.3.939","SMARTCOIN"
"1.3.940","1.3.940","REVO"
"1.3.941","1.3.941","SMARTDOLLAR"
"1.3.942","1.3.942","CADATRAL"
"1.3.943","1.3.943","CADASTRAL"
"1.3.944","1.3.944","JPBIT"
"1.3.945","1.3.945","JPBIT.PT","JPBIT PT"
"1.3.946","1.3.946","KITTY"
"1.3.947","1.3.947","CYIND"
"1.3.948","1.3.948","PATRICK"
"1.3.949","1.3.949","TOLLFREEMINUTES"
"1.3.950","1.3.950","CAYMAN"
"1.3.951","1.3.951","IOU.AAA","IOU AAA"
"1.3.952","1.3.952","ALTCAP"
"1.3.953","1.3.953","OWNCOINTRAY"
"1.3.954","1.3.954","COINTRAYTOKEN"
"1.3.955","1.3.955","DEMERIT"
"1.3.956","1.3.956","BTSPLUS"
"1.3.957","1.3.957","YXCOIN"
"1.3.958","1.3.958","BTWTY"
"1.3.959","1.3.959","KITTY.CNY","KITTY CNY"
"1.3.960","1.3.960","IOU.BBB","IOU BBB"
"1.3.961","1.3.961","IOU.CCC","IOU CCC"
"1.3.962","1.3.962","IOU.DDD","IOU DDD"
"1.3.963","1.3.963","IOU.EEE","IOU EEE"
"1.3.964","1.3.964","IOU.FFF","IOU FFF"
"1.3.965","1.3.965","FTSHARESBTS"
"1.3.966","1.3.966","MILLLIONTDD"
"1.3.967","1.3.967","ABJMARRYME"
"1.3.968","1.3.968","AAAAA"
"1.3.969","1.3.969","GCSWI"
"1.3.970","1.3.970","FUNC"
"1.3.971","1.3.971","SONY"
"1.3.972","1.3.972","TOYOTA"
"1.3.973","1.3.973","OPEN.STEEM","OPEN STEEM"
"1.3.974","1.3.974","CAZZI"
"1.3.975","1.3.975","LISKICO"
"1.3.976","1.3.976","CASH.BTC","CASH BTC"
"1.3.977","1.3.977","OPEN.LISK","OPEN LISK"
"1.3.978","1.3.978","LEDGER"
"1.3.979","1.3.979","OPEN.DGD","OPEN DGD"
"1.3.980","1.3.980","FIMKRYPTO"
"1.3.981","1.3.981","DUPCOIN"
"1.3.982","1.3.982","BIKEJI"
"1.3.983","1.3.983","WORTHLESS"
"1.3.984","1.3.984","WORTHMORE"
"1.3.985","1.3.985","ALTCAP.X","ALTCAP X"
"1.3.986","1.3.986","TRUMP"
"1.3.987","1.3.987","CLINTON"
"1.3.988","1.3.988","SANDERS"
"1.3.989","1.3.989","WASHINGTON"
"1.3.990","1.3.990","FRANKLIN"
"1.3.991","1.3.991","FREEDOM"
"1.3.992","1.3.992","UNITEDSTATES"
"1.3.993","1.3.993","EUROPE"
"1.3.994","1.3.994","JINBI"
"1.3.995","1.3.995","GENXBTC"
"1.3.996","1.3.996","YASHA"
"1.3.997","1.3.997","GSTAMP.DOLLAR","GSTAMP DOLLAR"
"1.3.998","1.3.998","WETSTOCK"
"1.3.999","1.3.999","DRYSTOCK"
"1.3.1000","1.3.1000","NOPPES"
"1.3.1001","1.3.1001","HYPECOIN"
"1.3.1002","1.3.1002","CRYPTODEXALPHA"
"1.3.1003","1.3.1003","CRYPTODEX"
"1.3.1004","1.3.1004","BLOCKAR"
"1.3.1005","1.3.1005","OPEN.DAO","OPEN DAO"
"1.3.1006","1.3.1006","ICOO"
"1.3.1007","1.3.1007","NINJASOUL"
"1.3.1008","1.3.1008","SFUND"
"1.3.1009","1.3.1009","TETRA"
"1.3.1010","1.3.1010","SPIES"
"1.3.1011","1.3.1011","TRADE.USDLABOR","TRADE USDLABOR"
"1.3.1012","1.3.1012","ANTCOIN"
"1.3.1013","1.3.1013","RETAILSET"
"1.3.1014","1.3.1014","TRANS"
"1.3.1015","1.3.1015","TRANS.BTC","TRANS BTC"
"1.3.1016","1.3.1016","EARTH"
"1.3.1017","1.3.1017","ARS","bitARS"
"1.3.1018","1.3.1018","TRANS.DAO","TRANS DAO"
"1.3.1019","1.3.1019","SASOL"
"1.3.1020","1.3.1020","OPEN.MKR","OPEN MKR"
"1.3.1021","1.3.1021","BRAINCELL"
"1.3.1022","1.3.1022","LISK"
"1.3.1023","1.3.1023","QUANTUM"
"1.3.1024","1.3.1024","DIAMONDS"
"1.3.1025","1.3.1025","EURO"
"1.3.1026","1.3.1026","FOREX"
"1.3.1027","1.3.1027","MARIJUANA"
"1.3.1028","1.3.1028","WATER"
"1.3.1029","1.3.1029","TESLA"
"1.3.1030","1.3.1030","SPACE"
"1.3.1031","1.3.1031","CONVERTS"
"1.3.1032","1.3.1032","TRANS.ETH","TRANS ETH"
"1.3.1033","1.3.1033","EXPERIENCE"
"1.3.1034","1.3.1034","DELTA"
"1.3.1035","1.3.1035","THETA"
"1.3.1036","1.3.1036","GAMMA"
"1.3.1037","1.3.1037","IMETICS"
"1.3.1038","1.3.1038","RHODIUM"
"1.3.1039","1.3.1039","BARCLAYS"
"1.3.1040","1.3.1040","UIATESTA.A","UIATESTA A"
"1.3.1041","1.3.1041","OPEN.OMNI","OPEN OMNI"
"1.3.1042","1.3.1042","OPEN.USDT","OPEN USDT"
"1.3.1043","1.3.1043","OPEN.AGRS","OPEN AGRS"
"1.3.1044","1.3.1044","OPEN.MAID","OPEN MAID"
"1.3.1045","1.3.1045","OPEN.EURT","OPEN EURT"
"1.3.1046","1.3.1046","OPEN.AMP","OPEN AMP"
"1.3.1047","1.3.1047","GRIDCOIN"
"1.3.1048","1.3.1048","BIBAO"
"1.3.1049","1.3.1049","SHORT"
"1.3.1050","1.3.1050","JUBAO"
"1.3.1051","1.3.1051","USDLABOR"
"1.3.1052","1.3.1052","PPCNY"
"1.3.1053","1.3.1053","YINCOIN"
"1.3.1054","1.3.1054","JINCOIN"
"1.3.1055","1.3.1055","PROUNION"
"1.3.1056","1.3.1056","FIMK"
"1.3.1057","1.3.1057","DIGIXDAO"
"1.3.1058","1.3.1058","THEDAO"
"1.3.1059","1.3.1059","EXPANSE"
"1.3.1060","1.3.1060","WAVES"
"1.3.1061","1.3.1061","ARTHURCOIN"
"1.3.1062","1.3.1062","XNCCOIN"
"1.3.1063","1.3.1063","ARDOR"
"1.3.1064","1.3.1064","OPEN.HEAT","OPEN HEAT"
"1.3.1065","1.3.1065","CRYPTOCEEDS"
"1.3.1066","1.3.1066","SSTEEM"
"1.3.1067","1.3.1067","ICOIN"
"1.3.1068","1.3.1068","OCEANIA"
"1.3.1069","1.3.1069","OPEN.ARDR","OPEN ARDR"
"1.3.1070","1.3.1070","OPEN.SBD","OPEN SBD"
"1.3.1071","1.3.1071","HONGLI"
"1.3.1072","1.3.1072","BLOCKPAY"
"1.3.1073","1.3.1073","VRCOIN"
"1.3.1074","1.3.1074","BBPINGJI"
"1.3.1075","1.3.1075","RATEBTS"
"1.3.1076","1.3.1076","STEEMIT"
"1.3.1077","1.3.1077","ETHWAR"
"1.3.1078","1.3.1078","EWATT"
"1.3.1079","1.3.1079","OPEN.DEOS","OPEN DEOS"
"1.3.1080","1.3.1080","FAISAL"
"1.3.1081","1.3.1081","ETCOIN"
"1.3.1082","1.3.1082","MAXMART"
"1.3.1083","1.3.1083","TRUMPS"
"1.3.1084","1.3.1084","AURUM"
"1.3.1085","1.3.1085","JIJIN"
"1.3.1086","1.3.1086","IOU.WTX","IOU WTX"
"1.3.1087","1.3.1087","BRICKS"
"1.3.1088","1.3.1088","LINKS"
"1.3.1089","1.3.1089","AETHER"
"1.3.1090","1.3.1090","LIGHT"
"1.3.1091","1.3.1091","REALITYPLAY"
"1.3.1092","1.3.1092","REALITY"
"1.3.1093","1.3.1093","YOYOW"
"1.3.1094","1.3.1094","HOTHEART"
"1.3.1095","1.3.1095","CHRISPEARCE"
"1.3.1096","1.3.1096","BTSHACK"
"1.3.1097","1.3.1097","BTSBUG"
"1.3.1098","1.3.1098","JESUS"
"1.3.1099","1.3.1099","JESUS.APPLE","JESUS APPLE"
"1.3.1100","1.3.1100","RISKER"
"1.3.1101","1.3.1101","ESHARE"
"1.3.1102","1.3.1102","HONEYCOIN"
"1.3.1103","1.3.1103","BLOCKONE"
"1.3.1104","1.3.1104","BLKONE"
"1.3.1105","1.3.1105","PLATC"
"1.3.1106","1.3.1106","HELLOBTS"
"1.3.1107","1.3.1107","HAPPYCOIN"
"1.3.1108","1.3.1108","PAYMASTER"
"1.3.1109","1.3.1109","YYBTS"
"1.3.1110","1.3.1110","PINGAN"
"1.3.1111","1.3.1111","JIANKANG"
"1.3.1112","1.3.1112","ENTER"
"1.3.1113","1.3.1113","HELLO"
"1.3.1114","1.3.1114","WENHUA"
"1.3.1115","1.3.1115","BAOXIAN"
"1.3.1116","1.3.1116","BAIDU"
"1.3.1117","1.3.1117","TMALL"
"1.3.1118","1.3.1118","HOTEL"
"1.3.1119","1.3.1119","TAXEX"
"1.3.1120","1.3.1120","ROBOT"
"1.3.1121","1.3.1121","ANGEL"
"1.3.1122","1.3.1122","KARMACOIN"
"1.3.1123","1.3.1123","HOUSE"
"1.3.1124","1.3.1124","GASTRO"
"1.3.1125","1.3.1125","YAMMY"
"1.3.1126","1.3.1126","CNRMB"
"1.3.1127","1.3.1127","VIDEO"
"1.3.1128","1.3.1128","SOUND"
"1.3.1129","1.3.1129","PHONE"
"1.3.1130","1.3.1130","VIRUS"
"1.3.1131","1.3.1131","MODEL"
"1.3.1132","1.3.1132","PHOTO"
"1.3.1133","1.3.1133","MOUSE"
"1.3.1134","1.3.1134","POWER"
"1.3.1135","1.3.1135","CHIPS"
"1.3.1136","1.3.1136","BASES"
"1.3.1137","1.3.1137","CONSTRUCTION"
"1.3.1138","1.3.1138","GIFTS.PEERHUBPTS","GIFTS PEERHUBPTS"
"1.3.1139","1.3.1139","NIHAO"
"1.3.1140","1.3.1140","ZCASH"
"1.3.1141","1.3.1141","SURPRISE"
"1.3.1142","1.3.1142","DREAM"
"1.3.1143","1.3.1143","FLEXCOIN"
"1.3.1144","1.3.1144","BAHT"
"1.3.1145","1.3.1145","INVICTUS"
"1.3.1146","1.3.1146","JAPAN"
"1.3.1147","1.3.1147","DIAMONDDOLLAR"
"1.3.1148","1.3.1148","DIAMONDEURO"
"1.3.1149","1.3.1149","DIAMONDZAR"
"1.3.1150","1.3.1150","GOLDDOLLAR"
"1.3.1151","1.3.1151","GOLDEURO"
"1.3.1152","1.3.1152","OPEN.GRC","OPEN GRC"
"1.3.1153","1.3.1153","SPUDS"
"1.3.1154","1.3.1154","BUDDY"
"1.3.1155","1.3.1155","MANDELARAND"
"1.3.1156","1.3.1156","DIAMONDRAND"
"1.3.1157","1.3.1157","GOLDRAND"
"1.3.1158","1.3.1158","CFUND"
"1.3.1159","1.3.1159","GAMES"
"1.3.1160","1.3.1160","OPEN.GAME","OPEN GAME"
"1.3.1161","1.3.1161","OPEN.INCNT","OPEN INCNT"
"1.3.1162","1.3.1162","STARS"
"1.3.1163","1.3.1163","MONETA"
"1.3.1164","1.3.1164","ELOAD"
"1.3.1165","1.3.1165","IOU.XFQ","IOU XFQ"
"1.3.1166","1.3.1166","STATX"
"1.3.1167","1.3.1167","NOKRX"
"1.3.1168","1.3.1168","CRYPTOINDEX"
"1.3.1169","1.3.1169","TRANS.ANS","TRANS ANS"
"1.3.1170","1.3.1170","TRANS.ANC","TRANS ANC"
"1.3.1171","1.3.1171","MONEO"
"1.3.1172","1.3.1172","MONEOSHARE"
"1.3.1173","1.3.1173","AMERICA"
"1.3.1174","1.3.1174","NINTENDO"
"1.3.1175","1.3.1175","COINS"
"1.3.1176","1.3.1176","CENTZ"
"1.3.1177","1.3.1177","GOLDBUCK"
"1.3.1178","1.3.1178","BKT"
"1.3.1179","1.3.1179","CNTZ"
"1.3.1180","1.3.1180","CRYPTOCITY"
"1.3.1181","1.3.1181","KAPITAL"
"1.3.1182","1.3.1182","SAXIONEURO"
"1.3.1183","1.3.1183","GAME"
"1.3.1184","1.3.1184","OPEN.NXC","OPEN NXC"
"1.3.1185","1.3.1185","TOMORROWLAND"
"1.3.1186","1.3.1186","EXPRESSO"
"1.3.1187","1.3.1187","WALLY"
"1.3.1188","1.3.1188","HEMPSWEET"
"1.3.1189","1.3.1189","ASSET"
"1.3.1190","1.3.1190","FRONTIER"
"1.3.1191","1.3.1191","FRONTIER.USD","FRONTIER USD"
"1.3.1192","1.3.1192","FRONTIER.CNY","FRONTIER CNY"
"1.3.1193","1.3.1193","HARUKI"
"1.3.1194","1.3.1194","CHINALIFE"
"1.3.1195","1.3.1195","VALUE"
"1.3.1196","1.3.1196","OPEN.DCT","OPEN DCT"
"1.3.1197","1.3.1197","GETGAME"
"1.3.1198","1.3.1198","PIZZACOIN"
"1.3.1199","1.3.1199","TASKMANAGER"
"1.3.1200","1.3.1200","TREISM"
"1.3.1201","1.3.1201","GPCOIN"
"1.3.1202","1.3.1202","IOU.BAO","IOU BAO"
"1.3.1203","1.3.1203","IOU.QIANG","IOU QIANG"
"1.3.1204","1.3.1204","TBBSAR"
"1.3.1205","1.3.1205","OBITS.WARRANT","OBITS WARRANT"
"1.3.1206","1.3.1206","NINJA"
"1.3.1207","1.3.1207","SWAPCOIN"
"1.3.1208","1.3.1208","SWAPBITS"
"1.3.1209","1.3.1209","OPEN.WAVES","OPEN WAVES"
"1.3.1210","1.3.1210","OKCASHBAG"
"1.3.1211","1.3.1211","VIRGROW"
"1.3.1212","1.3.1212","SWAPBTS"
"1.3.1213","1.3.1213","VIBEZ"
"1.3.1214","1.3.1214","TRAIL"
"1.3.1215","1.3.1215","VIBERZ"
"1.3.1216","1.3.1216","PASSWORD"
"1.3.1217","1.3.1217","SPORT"
"1.3.1218","1.3.1218","SKOREA"
"1.3.1219","1.3.1219","KOREA"
"1.3.1220","1.3.1220","TRANS.TBTC","TRANS TBTC"
"1.3.1221","1.3.1221","TRANS.TANS","TRANS TANS"
"1.3.1222","1.3.1222","TRANS.PLS","TRANS PLS"
"1.3.1223","1.3.1223","MMMBTC"
"1.3.1224","1.3.1224","STEEMP"
"1.3.1225","1.3.1225","NEWBTC"
"1.3.1226","1.3.1226","MERRYCHRISTMAS"
"1.3.1227","1.3.1227","HAPPYNEWYEAR"
"1.3.1228","1.3.1228","FLASH"
"1.3.1229","1.3.1229","SAVETHEPLANET"
"1.3.1230","1.3.1230","INVEST"
"1.3.1231","1.3.1231","INVEST.MUSIC","INVEST MUSIC"
"1.3.1232","1.3.1232","INVEST.GAME","INVEST GAME"
"1.3.1233","1.3.1233","BLOCKCHAIN"
"1.3.1234","1.3.1234","BLOCKCHAIN.INDEX","BLOCKCHAIN INDEX"
"1.3.1235","1.3.1235","RIBBITS"
"1.3.1236","1.3.1236","MONEDAPAR"
"1.3.1237","1.3.1237","DESCUBIERTOPAR"
"1.3.1238","1.3.1238","VENOCOIN"
"1.3.1239","1.3.1239","VENODOLAR"
"1.3.1240","1.3.1240","IOTOKEN"
"1.3.1241","1.3.1241","LIVENET"
"1.3.1242","1.3.1242","VENEDOLAR"
"1.3.1243","1.3.1243","BLOCKPAY.SURETY","BLOCKPAY SURETY"
"1.3.1244","1.3.1244","STEEMGOLD"
"1.3.1245","1.3.1245","SZJIN"
"1.3.1246","1.3.1246","AQUAS"
"1.3.1247","1.3.1247","WANGCHANGE"
"1.3.1248","1.3.1248","THIRSTY"
"1.3.1249","1.3.1249","SEXAV"
"1.3.1250","1.3.1250","SEXTV"
"1.3.1251","1.3.1251","MAGIC"
"1.3.1252","1.3.1252","BIBLE"
"1.3.1253","1.3.1253","DEMON"
"1.3.1254","1.3.1254","HORSE"
"1.3.1255","1.3.1255","BREAD"
"1.3.1256","1.3.1256","JEWEL"
"1.3.1257","1.3.1257","HONEY"
"1.3.1258","1.3.1258","SEX"
"1.3.1259","1.3.1259","GOLOS"
"1.3.1260","1.3.1260","GATEBITS"
"1.3.1261","1.3.1261","GATE"
"1.3.1262","1.3.1262","ALTCAP.XDR","ALTCAP XDR"
"1.3.1263","1.3.1263","TETHERUSD"
"1.3.1264","1.3.1264","WHALESHARES"
"1.3.1265","1.3.1265","LEOUSD"
"1.3.1266","1.3.1266","LEOGBP"
"1.3.1267","1.3.1267","GALLEON"
"1.3.1268","1.3.1268","MTGOTIX"
"1.3.1269","1.3.1269","YOUPIAO"
"1.3.1270","1.3.1270","AUTOCAR"
"1.3.1271","1.3.1271","PBSTOCKST"
"1.3.1272","1.3.1272","ETFBTC"
"1.3.1273","1.3.1273","HOUSEBITSXYZ"
"1.3.1274","1.3.1274","PPBITS"
"1.3.1275","1.3.1275","HYBRID"
"1.3.1276","1.3.1276","WHALESHARE"
"1.3.1277","1.3.1277","LEARNCOIN"
"1.3.1278","1.3.1278","IOU.MARKET","IOU MARKET"
"1.3.1279","1.3.1279","RADIX"
"1.3.1280","1.3.1280","APPX"
"1.3.1281","1.3.1281","APPX.WARRANT","APPX WARRANT"
"1.3.1282","1.3.1282","JIYEBI"
"1.3.1283","1.3.1283","CRYSTAL"
"1.3.1284","1.3.1284","CRYSTALS"
"1.3.1285","1.3.1285","KEEPC"
"1.3.1286","1.3.1286","KEEPCOIN"
"1.3.1287","1.3.1287","BOOKCHAIN"
"1.3.1288","1.3.1288","USDTETHERDEFAULT"
"1.3.1289","1.3.1289","DINAR"
"1.3.1290","1.3.1290","BBBAA"
"1.3.1291","1.3.1291","ORYXF"
"1.3.1292","1.3.1292","DEXBTC"
"1.3.1293","1.3.1293","ITOKEN"
"1.3.1294","1.3.1294","FREEDNEX"
"1.3.1295","1.3.1295","USDT"
"1.3.1296","1.3.1296","MAID"
"1.3.1297","1.3.1297","DEXCOIN"
"1.3.1298","1.3.1298","HEMPVALUE"
"1.3.1299","1.3.1299","TESTCOIN"
"1.3.1300","1.3.1300","WANGCENTS"
"1.3.1301","1.3.1301","ETH"
"1.3.1302","1.3.1302","STEEMFACTORY"
"1.3.1303","1.3.1303","LICAI"
"1.3.1304","1.3.1304","ZICHAN"
"1.3.1305","1.3.1305","TOUZI"
"1.3.1306","1.3.1306","YUANBAO"
"1.3.1307","1.3.1307","GUOZHAI"
"1.3.1308","1.3.1308","ZHENG"
"1.3.1309","1.3.1309","QUAN"
"1.3.1310","1.3.1310","ZHAIQUAN"
"1.3.1311","1.3.1311","BLACK"
"1.3.1312","1.3.1312","WHITE"
"1.3.1313","1.3.1313","YINHANG"
"1.3.1314","1.3.1314","SSSSS"
"1.3.1315","1.3.1315","CCCCC"
"1.3.1316","1.3.1316","STEEMBOOST"
"1.3.1317","1.3.1317","ZCOIN"
"1.3.1318","1.3.1318","LILWANGS"
"1.3.1319","1.3.1319","MONEDAPAR.AI","MONEDAPAR AI"
"1.3.1320","1.3.1320","MONEDAPAR.AXXX","MONEDAPAR AXXX"
"1.3.1321","1.3.1321","MONEDAPAR.AC","MONEDAPAR AC"
"1.3.1322","1.3.1322","MONEDAPAR.AX","MONEDAPAR AX"
"1.3.1323","1.3.1323","YOYO"
"1.3.1324","1.3.1324","JOYY"
"1.3.1325","1.3.1325","RUBLE","bitRUBLE"
"1.3.1326","1.3.1326","EOS"
"1.3.1327","1.3.1327","LEOBUZZ"
"1.3.1328","1.3.1328","IAUTU"
"1.3.1329","1.3.1329","NECTAR"
"1.3.1330","1.3.1330","IAUTH"
"1.3.1331","1.3.1331","IOU.BCS","IOU BCS"
"1.3.1332","1.3.1332","STEEPSHOT"
"1.3.1333","1.3.1333","YUEBAO"
"1.3.1334","1.3.1334","BTSGO"
"1.3.1335","1.3.1335","HUOBI"
"1.3.1336","1.3.1336","POLONIEX"
"1.3.1337","1.3.1337","ANTPOOL"
"1.3.1338","1.3.1338","DOGE"
"1.3.1339","1.3.1339","GOLEM"
"1.3.1340","1.3.1340","STRATIS"
"1.3.1341","1.3.1341","BTCTRADE"
"1.3.1342","1.3.1342","BIXIN"
"1.3.1343","1.3.1343","NOFEE"
"1.3.1344","1.3.1344","LUCKY"
"1.3.1345","1.3.1345","TRUMPSUCKS"
"1.3.1346","1.3.1346","EBAXX"
"1.3.1347","1.3.1347","EVETAB"
"1.3.1348","1.3.1348","STEEP"
"1.3.1349","1.3.1349","ADSXU"
"1.3.1350","1.3.1350","ADSYU"
"1.3.1351","1.3.1351","ADSZU"
"1.3.1352","1.3.1352","QORA"
"1.3.1353","1.3.1353","OPEN.EXCL","OPEN EXCL"
"1.3.1354","1.3.1354","AGENT"
"1.3.1355","1.3.1355","VIVACOIN"
"1.3.1356","1.3.1356","TRUMPRULES"
"1.3.1357","1.3.1357","OPEN.NUSHARES","OPEN NUSHARES"
"1.3.1358","1.3.1358","RCOIN"
"1.3.1359","1.3.1359","TATCHCOIN"
"1.3.1360","1.3.1360","PRIME"
"1.3.1361","1.3.1361","MYCOIN"
"1.3.1362","1.3.1362","HERO","bitHERO"
"1.3.1363","1.3.1363","SBUZZ"
"1.3.1364","1.3.1364","HEROCOIN"
"1.3.1365","1.3.1365","HEROCNY"
"1.3.1366","1.3.1366","HEROUSD"
"1.3.1367","1.3.1367","EOSBD"
"1.3.1368","1.3.1368","TOKENOFTOKENS"
"1.3.1369","1.3.1369","PRIMESHARES"
"1.3.1370","1.3.1370","NEMXEM"
"1.3.1371","1.3.1371","GOLOSIO"
"1.3.1372","1.3.1372","GCORE"
"1.3.1373","1.3.1373","GFUND"
"1.3.1374","1.3.1374","ZAPPL"
"1.3.1375","1.3.1375","MEGATILT"
"1.3.1376","1.3.1376","ABOUT"
"1.3.1377","1.3.1377","AWARD"
"1.3.1378","1.3.1378","BONUS"
"1.3.1379","1.3.1379","BTCBAO"
"1.3.1380","1.3.1380","RENTTIME"
"1.3.1381","1.3.1381","PATAGON"
"1.3.1382","1.3.1382","HERTZ"
"1.3.1383","1.3.1383","TIMEX"
"1.3.1384","1.3.1384","FOREVERPRIMES"
"1.3.1385","1.3.1385","CRECE"
"1.3.1386","1.3.1386","ADXDU"
"1.3.1387","1.3.1387","TESTINGASSETS"
"1.3.1388","1.3.1388","OPEN.ETP","OPEN ETP"
"1.3.1389","1.3.1389","ZENGOLD"
"1.3.1390","1.3.1390","MINGEX"
"1.3.1391","1.3.1391","MINGEX.PLS","MINGEX PLS"
"1.3.1392","1.3.1392","NESLV"
"1.3.1393","1.3.1393","EZIRA"
"1.3.1394","1.3.1394","GOLDMINER"
"1.3.1395","1.3.1395","FNX"
"1.3.1396","1.3.1396","INCHAIN"
"1.3.1397","1.3.1397","ICOCOIN"
"1.3.1398","1.3.1398","BRAVE"
"1.3.1399","1.3.1399","ASKCOIN"
"1.3.1400","1.3.1400","FINANCE"
"1.3.1401","1.3.1401","REA"
"1.3.1402","1.3.1402","ODC"
"1.3.1403","1.3.1403","DEX"
"1.3.1404","1.3.1404","NIMSES"
"1.3.1405","1.3.1405","KARMAKOIN"
"1.3.1406","1.3.1406","OPEN.ZGC","OPEN ZGC"
"1.3.1407","1.3.1407","STEAK"
"1.3.1408","1.3.1408","FASTBTC"
"1.3.1409","1.3.1409","CAIFU"
"1.3.1410","1.3.1410","QTUM"
"1.3.1411","1.3.1411","OPEN.GOLOS","OPEN GOLOS"
"1.3.1412","1.3.1412","OPEN.GBG","OPEN GBG"
"1.3.1413","1.3.1413","OCT"
"1.3.1414","1.3.1414","SCALABLE"
"1.3.1415","1.3.1415","KPL"
"1.3.1416","1.3.1416","ADSWU"
"1.3.1417","1.3.1417","YOUTUBE"
"1.3.1418","1.3.1418","MICROSOFT"
"1.3.1419","1.3.1419","ADXWU"
"1.3.1420","1.3.1420","ADXCU"
"1.3.1421","1.3.1421","ADXFU"
"1.3.1422","1.3.1422","ZENDAO"
"1.3.1423","1.3.1423","ALPHA"
"1.3.1424","1.3.1424","ACHAIN"
"1.3.1425","1.3.1425","BYTOM"
"1.3.1426","1.3.1426","REITS"
"1.3.1427","1.3.1427","WINGS"
"1.3.1428","1.3.1428","MVS"
"1.3.1429","1.3.1429","MTV"
"1.3.1430","1.3.1430","XGAME"
"1.3.1431","1.3.1431","CHC"
"1.3.1432","1.3.1432","DOLLHAIRS"
"1.3.1433","1.3.1433","ICOWT"
"1.3.1434","1.3.1434","LYCLUB"
"1.3.1435","1.3.1435","TOPSOL"
"1.3.1436","1.3.1436","LORECHAIN"
"1.3.1437","1.3.1437","ONECHAT"
"1.3.1438","1.3.1438","FREERO"
"1.3.1439","1.3.1439","PPY"
"1.3.1440","1.3.1440","IOU.LOT","IOU LOT"
"1.3.1441","1.3.1441","STEEMGIGS"
"1.3.1442","1.3.1442","DROPS"
"1.3.1443","1.3.1443","EXTROPY"
"1.3.1444","1.3.1444","ZHTSR"
"1.3.1445","1.3.1445","BLESS"
"1.3.1446","1.3.1446","DEUTSCHEBANK"
"1.3.1447","1.3.1447","BLACKROCK"
"1.3.1448","1.3.1448","TECDAX"
"1.3.1449","1.3.1449","EUROSTOXX"
"1.3.1450","1.3.1450","ETORO"
"1.3.1451","1.3.1451","MVS.ZENDAO","MVS ZENDAO"
"1.3.1452","1.3.1452","DNXTO"
"1.3.1453","1.3.1453","KEXCOIN"
"1.3.1454","1.3.1454","BEYONDBIT"
"1.3.1455","1.3.1455","BEYONDBITS"
"1.3.1456","1.3.1456","TURKIS"
"1.3.1457","1.3.1457","STARC"
"1.3.1458","1.3.1458","OPEN.PPY","OPEN PPY"
"1.3.1459","1.3.1459","HPSTDEBT"
"1.3.1460","1.3.1460","RUNCOIN"
"1.3.1461","1.3.1461","BALCOIN"
"1.3.1462","1.3.1462","AEFUND"
"1.3.1463","1.3.1463","GENESIS"
"1.3.1464","1.3.1464","LZKJF"
"1.3.1465","1.3.1465","LZKGF"
"1.3.1466","1.3.1466","FRIEND"
"1.3.1467","1.3.1467","BTBOXS"
"1.3.1468","1.3.1468","CNXUN"
"1.3.1469","1.3.1469","STONE"
"1.3.1470","1.3.1470","SPARK"
"1.3.1471","1.3.1471","MYBTS"
"1.3.1472","1.3.1472","BIKERCOIN"
"1.3.1473","1.3.1473","CVCOIN"
"1.3.1474","1.3.1474","CHAIN"
"1.3.1475","1.3.1475","PEERCROWDFUND"
"1.3.1476","1.3.1476","CONSSIN"
"1.3.1477","1.3.1477","XAS"
"1.3.1478","1.3.1478","SLOINDUSTRIES"
"1.3.1479","1.3.1479","COLOR"
"1.3.1480","1.3.1480","SPACEX"
"1.3.1481","1.3.1481","LUFTHANSA"
"1.3.1482","1.3.1482","LUCRA"
"1.3.1483","1.3.1483","BILIAN"
"1.3.1484","1.3.1484","APLUS"
"1.3.1485","1.3.1485","FAITH"
"1.3.1486","1.3.1486","HAIRSHARE"
"1.3.1487","1.3.1487","HAIRSHARES"
"1.3.1488","1.3.1488","ULTIMATE"
"1.3.1489","1.3.1489","REITCOIN"
"1.3.1490","1.3.1490","BONDCOIN"
"1.3.1491","1.3.1491","ETFCOIN"
"1.3.1492","1.3.1492","REALCOIN"
"1.3.1493","1.3.1493","SECURE"
"1.3.1494","1.3.1494","SECURITIES"
"1.3.1495","1.3.1495","REITSHARES"
"1.3.1496","1.3.1496","METALS"
"1.3.1497","1.3.1497","AIRCOIN"
"1.3.1498","1.3.1498","AVERS"
"1.3.1499","1.3.1499","PRIZE"
