"1.5.0","1.5.0","1.2.90742","init0","init0"
"1.5.1","1.5.1","1.2.90743","init1","init1"
"1.5.2","1.5.2","1.2.90744","init2","init2"
"1.5.3","1.5.3","1.2.90745","init3","init3"
"1.5.4","1.5.4","1.2.90746","init4","init4"
"1.5.5","1.5.5","1.2.90747","init5","init5"
"1.5.6","1.5.6","1.2.90748","init6","init6"
"1.5.7","1.5.7","1.2.90749","init7","init7"
"1.5.8","1.5.8","1.2.90750","init8","init8"
"1.5.9","1.5.9","1.2.90751","init9","init9"
"1.5.10","1.5.10","1.2.90752","init10","init10"
"1.5.11","1.5.11","1.2.22517","mindphlux","mindphlux"
"1.5.12","1.5.12","1.2.1191","dele-puppy","dele puppy"
"1.5.13","1.5.13","1.2.21106","fav","fav"
"1.5.14","1.5.14","1.2.23725","bitcube","bitcube"
"1.5.15","1.5.15","1.2.121","bitcrab","bitcrab"
"1.5.16","1.5.16","1.2.25010","bhuz","bhuz"
"1.5.17","1.5.17","1.2.8891","clayop","clayop"
"1.5.18","1.5.18","1.2.206","logxing","logxing"
"1.5.19","1.5.19","1.2.2204","baozi","baozi"
"1.5.20","1.5.20","1.2.97845","bunkerchainlabs-com","bunkerchainlabs com"
"1.5.21","1.5.21","1.2.2576","k1","k1"
"1.5.22","1.5.22","1.2.3284","harvey-xts","harvey xts"
"1.5.23","1.5.23","1.2.159","ebit","ebit"
"1.5.24","1.5.24","1.2.10423","delegate.webber","delegate webber"
"1.5.25","1.5.25","1.2.12376","abit","abit"
"1.5.26","1.5.26","1.2.31862","btsabc","btsabc"
"1.5.27","1.5.27","1.2.282","xeroc","xeroc"
"1.5.28","1.5.28","1.2.35939","chris4210","chris4210"
"1.5.29","1.5.29","1.2.110851","chronos-youtube","chronos youtube"
"1.5.30","1.5.30","1.2.158781","openledgerdc","openledgerdc"
"1.5.31","1.5.31","1.2.133999","roelandp","roelandp"
"1.5.32","1.5.32","1.2.964","jerryliu","jerryliu"
"1.5.33","1.5.33","1.2.130258","witness.still","witness still"
"1.5.34","1.5.34","1.2.692839","godfather-of-bts","godfather of bts"
"1.5.35","1.5.35","1.2.692863","evangelist-of-bts","evangelist of bts"
"1.5.36","1.5.36","1.2.629244","c147","c147"
"1.5.37","1.5.37","1.2.711128","clockwork","clockwork"
"1.5.38","1.5.38","1.2.497071","jnmssmn","jnmssmn"
"1.5.39","1.5.39","1.2.666759","skye","skye"
"1.5.40","1.5.40","1.2.125824","jademont","jademont"
